firstName,lastName,email,age
Rahul,Sharma,rahul.sharma@example.com,27
Priya,Patil,priya.patil@example.com,24
Sanjay,Kulkarni,sanjay.kulkarni@example.com,29
Anita,Desai,anita.desai@example.com,26
Rohit,Verma,rohit.verma@example.com,31
Sneha,Rao,sneha.rao@example.com,23
Vikram,Joshi,vikram.joshi@example.com,28
Kiran,Shetty,kiran.shetty@example.com,25
Neha,Naik,neha.naik@example.com,30
Amit,Gupta,amit.gupta@example.com,32
